company,transcript_count
1 800 Flowers,3
1 800 Flowerscom,4
10X Genomics,5
1Stdibs,5
3D Systems,4
3M,8
8X8,2
908 Devices,3
A O Smith,4
A10 Networks,4
Aaon,3
Aar,4
Abacus Global,2
Abbott,3
Abbott Laboratories,4
Abbvie,7
Abcellera,2
Abcellera Biologics,5
Abeona,1
Abercrombie,2
Abm,4
Absci,3
Acacia Research,1
Academy Sports,1
Academy Sports And Outdoors,5
Acadia,7
Acadia Realty,1
Acadian,2
Accel,2
Accelerant,1
Accendra Health,1
Accenture,2
Acco,2
Accuray,3
Acm Research,2
Acres Commercial,1
Acuity,2
Acushnet,2
Acv Auctions,2
Adamas Trust,2
Adapthealth,2
Adaptive,1
Adc Therapeutics,1
Addus,5
Adecoagro,2
Adeia,4
Adient,3
Adm,1
Adma,1
Adma Biologics,1
Adobe,6
Adp,5
Adt,4
Adtalem,1
Adtran,5
Advance Auto,1
Advanced Energy,4
Advanced Micro Devices,4
Advansix,4
Advantage,2
Advantage Solutions,1
Aehr,1
Aehr Test,4
Aemetis,3
Aep,1
Aercap,2
Aeromexico,2
Aerovironment,6
Aersale,2
Aeva,3
Aeye,1
Afc Gamma,2
Affiliated Managers,1
Affirm,7
Aflac,1
Afya,1
Agco,1
Agenus,9
Agilent,2
Agilon Health,2
Agilysys,2
Agios,5
Agnc,6
Agnc Investment Corp,4
Agnico Eagle,1
Agora,2
Agree Realty,7
Aig,1
Air Lease,1
Air Products,3
Airbnb,7
Airgain,3
Aka Brands,1
Akamai,2
Akebia,2
Alamo,1
Alamo Group,3
Alamos Gold,2
Alarmcom,2
Alaska Air,2
Alaska Air Group,3
Albany,1
Albemarle,5
Albertsons,4
Alcoa,4
Alcon,2
Alerus,2
Alexanders,2
Alexandria,3
Algoma Steel,1
Algonquin Power,1
Algonquin Power Utilities,5
Alibaba Group,4
Alico,1
Alight,3
Align,2
Align Tech,1
Align Technology,4
Alignment,3
Alkami,1
Alkermes,2
Allbirds,5
Allegiant,3
Allegion,4
Allegro,1
Alliance Laundry,1
Alliance Resource,1
Alliance Resource Partners,4
Alliancebernstein,5
Alliant Energy,2
Allison,3
Allogene,1
Allstate,2
Ally,2
Ally Financial,6
Alnylam,1
Alpha,1
Alpha And Omega,1
Alpha Cognition,1
Alpha Teknova,2
Alphabet,8
Alphatec,2
Alpine,1
Alpine Income,1
Alta,1
Alta Equipment,1
Alti Global,1
Altimmune,1
Altisource,2
Alto,3
Altria,4
Altria Group,4
Alvotech,1
Alx Oncology,1
Amalgamated Financial,1
Amarin,4
Amarin Plc,5
Amazon,3
Amazoncom,4
Ambac,1
Ambarella,3
Ambiq Micro,1
Amc,1
Amc Networks,1
Amcor,4
Amd,3
Amdocs,2
Amer Sports,2
Amerant,2
Ameren,2
Ameresco,3
America S Car Mart,1
American Airlines,1
American Assets,4
American Eagle,2
American Express,6
American Healthcare Reit,1
American Tower,8
American Vanguard,1
American Water,2
American Well,5
Americold,2
Ameriprise,4
Ameris,2
Ameris Bancorp,1
Amerisafe,4
Ametek,4
Amex,2
Amgen,4
Amkor,3
Amn,2
Amneal,4
Ampco Pittsburgh,1
Amphastar,4
Amphenol,4
Amplitech,1
Amplitude,8
Amprius,2
Amrize,1
Amtech,2
Amwell,1
Amylyx,2
Analog Devices,2
Anavex,2
Andersons,2
Angi,2
Angiodynamics,5
Anheuser Busch Inbevnv,5
Ani Pharma,1
Anika,4
Annaly,4
Annaly Capital Management,4
Anterix,1
Antero,2
Antero Midstream,2
Aon,2
Aon Plc,4
Apa,7
Apellis,1
Api Group,1
Apogee,4
Apollo,6
Appfolio,2
Appian,5
Apple,5
Applied,2
Applied Digital,4
Applied Materials,5
Applovin,7
Aptargroup,2
Aptiv,3
Apyx Medical,1
Aqua Metals,2
Aquestive,1
Aramark,2
Arbe,1
Arbe Robotics,1
Arbor Realty,1
Arcbest,5
Arch Capital,4
Archer,1
Archer Aviation,1
Archer Daniels Midland,1
Archrock,2
Arcos Dorados,2
Arcosa,2
Arcturus,2
Arcus,2
Arcutis,2
Ardagh Metal Packaging,1
Ardelyx,2
Ardent Health,4
Ardmore,1
Ardmore Shipping,2
Ares,2
Ares Capital,4
Ares Commercial,1
Argan,2
Arhaus,2
Arista,2
Arista Networks,4
Arko,2
Arlo,2
Arm,2
Arm Holdings,5
Armada Hoffler,1
Armour,1
Armstrong,4
Array Digital,1
Array Technologies,1
Arrow,4
Arrowhead,4
Ars Pharma,1
Arteris,1
Artisan,1
Artivion,3
Arvinas,1
Asana,3
Asbury,3
Ascendis,4
Ascendis Pharma,1
Ascent,2
Ase,1
Asgn,3
Ashford,1
Ashland,4
Asml,1
Aspen Aerogels,2
Assertio,1
Associated Bank,2
Assurant,2
Assured Guaranty,1
Ast Spacemobile,2
Astec,3
Astera Labs,2
Astrana Health,2
Astrazeneca Plc,4
Astronics,1
Astronova,4
Asure,3
Ategrity,1
Aterian,2
Ati,3
Atkore,3
Atlantic Union,3
Atlanticus,2
Atlas Energy,2
Atlassian,8
Atmus,2
Atmus Filtration,1
Atmus Filtration Technologies,4
Atomera,7
Atour,5
Atour Lifestyle,1
Atrenew,2
Atricure,4
Att,8
Audiocodes,1
Audioeye,1
Aura Minerals,1
Aurora,2
Aurora Cannabis,5
Aurora Mobile,3
Authid,2
Autodesk,7
Autoliv,4
Autonation,3
Autozone,1
Avalonbay,2
Avanos,1
Avanos Medical,1
Avantor,3
Aveanna,1
Avepoint,2
Avery Dennison,4
Aviat,4
Avidbank,1
Avient,2
Avis,1
Avis Budget,1
Avista,3
Avita Medical,2
Avnet,5
Aware,3
Axalta,2
Axcelis,2
Axis Capital,1
Axogen,4
Axon,2
Axon Enterprise,5
Axos,2
Axos Financial,1
Axsome,5
Axsome Therapeutics,5
Axt,1
Aytu Biopharma,1
Azenta,2
Azz,5
Babcock Wilcox,2
Backblaze,2
Badger Meter,4
Baidu,6
Baker,1
Baker Hughes,1
Bakkt,1
Balchem,3
Baldwin,2
Baldwin Insurance,1
Ball,3
Ballard,1
Ballard Power,2
Banc Of California,3
Bancorp,2
Bandwidth,2
Bank Of America,4
Bank Of Hawaii,6
Bank Of Marin,3
Bank Ozk,5
Bank7,3
Bankunited,3
Bankwell,4
Banner,5
Baozun,6
Barclays,1
Barfresh,1
Barings Bdc,2
Bark,2
Barrett,1
Barrick,2
Barrick Gold,4
Bassett,2
Bausch Health,4
Bausch Lomb,4
Baxter,3
Bayfirst,2
Baytex,2
Baytex Energy,1
Bbb Foods,2
Bcp Investment,2
Beachbody,1
Beacon Financial,2
Beauty Health,2
Beazer Homes,4
Becton Dickinson,7
Beeline,2
Belden,2
Belite Bio,1
Bellring,2
Benchmark,3
Bentley,1
Berkshire Hills,1
Best Buy,7
Beta Bionics,4
Better,1
Betterware,4
Beyond,1
Beyond Air,3
Beyond Inc,3
Beyond Meat,6
Bg Foods,4
Bgc,1
Bgc Group,1
Bgsf,2
Bicara,1
Bigbearai,2
Bilibili,3
Bill,1
Billcom,1
Billiontoone,1
Bio Key,1
Bio Rad,3
Bio Techne,5
Bioatla,1
Biocardia,1
Bioceres,1
Biocryst,2
Biocryst Pharmaceuticals,5
Biodesix,3
Biofrontera,1
Biogen,10
Biolife,3
Biomarin,4
Bionano,1
Bionano Genomics,5
Biontech,1
Biontech Se,5
Biote,3
Bioventus,2
Birkenstock,6
Bit Digital,1
Bitcoin Depot,1
Bitdeer,1
Bitfarms,1
Bitfufu,1
Bjs,2
Bjs Restaurants,4
Bjs Wholesale Club,5
Bkv,2
Black Hills,1
Black Stone,4
Blackbaud,5
Blackberry,5
Blackline,2
Blackrock,7
Blacksky,1
Blackstone,8
Bladex,2
Blaize,1
Blend Labs,1
Blink,1
Blink Charging,5
Block,7
Bloom Energy,4
Bloomin Brands,2
Blue Bird,5
Blue Foundry,1
Blue Owl,5
Blue Owl Capital,4
Blue Owl Tech,1
Bluelinx,2
Bny Mellon,3
Boeing,7
Bofa,3
Boise Cascade,5
Bok Financial,3
Booking,4
Booking Holdings,5
Boot Barn,1
Booz Allen,2
Borgwarner,3
Borr,1
Borr Drilling,2
Bos,2
Boston Beer,3
Bowhead,1
Bowhead Specialty,1
Bowman,2
Box,3
Boyd Gaming,4
Brady,1
Braemar,1
Brandywine,4
Braze,2
Brc,5
Brc Group,2
Bread Financial,3
Bridgebio,4
Bridgeline,1
Bridgewater,4
Bright Horizons,2
Brightspire,3
Brightspring,1
Brightstar,1
Brightview,1
Brilliant Earth,2
Brinker,4
Brinks,2
Bristol Myers,2
Bristol Myers Squibb,4
Bristow,3
British American Tobacco Plc,1
Brixmor,3
Broadcom,9
Broadridge,2
Broadstone,1
Broadwind,2
Brookdale,2
Brookfield,5
Brookfield Infra,1
Brookfield Renewable Partners,4
Brown Brown,3
Bruker,3
Brunswick,3
Buenaventura,3
Build A Bear,1
Bullish,1
Bumble,8
Bunge,3
Bunge Global,1
Burlington,2
Business First,2
Butterfield,3
Butterfly,3
Bw Lpg,3
Bwxt,3
Bxp,5
Byline,2
Byrna,5
C3Ai,6
C3Is,1
Cable One,2
Cabot,1
Caci,4
Cactus,1
Cadence,6
Cadre Holdings,1
Caesars,4
Cal Maine,1
Cal Maine Foods,2
Cal Water,3
Caleres,2
Calibercos,2
Calix,6
Callaway Golf,1
Calumet,1
Camden,4
Camden National,3
Camden Property Trust,4
Campbell,1
Campbells,1
Camping World,2
Camtek,7
Canaan,3
Canadian Natural,1
Cango,6
Canopy Growth,4
Capital,1
Capital One,4
Capital One Financial,4
Capital Southwest,1
Capri,1
Capri Holdings,1
Capricor,1
Car Mart,1
Cardinal Health,3
Cardlytics,2
Carecloud,2
Caredx,3
Caretrust,2
Caretrust Reit,1
Cargurus,2
Caris,1
Carlisle,2
Carlsmed,1
Carlyle,2
Carlyle Secured Lending,1
Carmax,5
Carnival,2
Carnival Corp,5
Carpartscom,7
Carpenter,1
Carpenter Technology,1
Carriage,1
Carrier,4
Carters,3
Carvana,3
Casella,2
Casella Waste,1
Castle,1
Caterpillar,5
Cathay,4
Cava,1
Cava Group,6
Cavco,4
Cbiz,2
Cbre,1
Cbre Group,1
Ccc,2
Cdw,2
Ceco,4
Cedar Fair,4
Celanese,4
Celcuity,1
Celestica,2
Cellebrite,2
Cellectar,1
Celsius,3
Cencora,3
Centene,10
Centerpoint,2
Centerra Gold,1
Centerspace,4
Central Garden,1
Central Pacific,1
Centrus Energy,2
Centuri,1
Century,2
Century Casinos,2
Ceragon,2
Cerence,3
Ceribell,3
Ceridian Hcm,2
Certara,1
Cerus,2
Ceva,2
Cf Industries,1
Ch Robinson,2
Champion Homes,1
Chargepoint,3
Charles River,2
Charles Schwab,1
Charter,2
Chatham,1
Check Point,2
Cheesecake Factory,1
Chegg,2
Chemed,2
Chemours,6
Cheniere,2
Cheniere Energy,1
Chevron,7
Chewy,6
Chicago Atlantic,1
Chime,1
Chimera,1
China Auto,1
Chipotle,4
Chipotle Mexican Grill,2
Chiron,1
Choice Hotels,4
Chord Energy,2
Chs,1
Chubb,4
Church Dwight,4
Churchill Downs,4
Cibus,2
Ciena,3
Cigna,1
Cigna Group,5
Cimpress,3
Cincinnati Financial,5
Cinemark,8
Cineverse,1
Cintas,2
Cion,3
Cipher Mining,2
Circle,2
Cirrus Logic,2
Cisco,2
Cisco Systems,4
Cit,3
Citi Trends,8
Citigroup,7
Citizens,2
Civeo,3
Claritev,1
Clarivate,3
Clarus,2
Clean Energy,1
Clean Harbors,3
Cleanspark,3
Clear,1
Clear Secure,4
Clearfield,3
Clearsign,1
Clearwater,1
Clearwater Paper,5
Clearway,1
Clearway Energy,6
Cleveland Cliffs,10
Climb Global,2
Clorox,3
Cloudflare,7
Clover Health,2
Cme,5
Cme Group,1
Cms,1
Cms Energy,2
Cna,1
Cnh,2
Cnh Industrial,1
Cno,1
Cno Financial,1
Cnx,3
Co Diagnostics,1
Coca Cola,8
Coda Octopus,2
Codexis,2
Coeur,2
Coeur Mining,1
Cogent,5
Cognex,7
Cognizant,3
Cohen And Steers,1
Cohen Steers,1
Coherent,7
Cohu,2
Coinbase,3
Coinbase Global,4
Colgate,2
Colgate Palmolive,1
Collegium,2
Colliers,4
Colony Bank,1
Colony Bankcorp,4
Columbia,4
Columbia Sportswear,1
Comcast,5
Comerica,1
Commercecom,2
Commercial Metals,3
Community,1
Community Bank,1
Community Financial,1
Community Health,1
Commvault,5
Compass,6
Compass Minerals,1
Compass Pathways Plc,5
Compugen,1
Comscore,1
Comstock,2
Conagra,1
Conagra Brands,2
Concentra,2
Concentrix,1
Concrete Pumping,1
Conduent,5
Confluent,5
Conmed,2
Connectone,4
Conocophillips,7
Consensus Cloud,2
Constellation,1
Constellation Brands,4
Constellation Energy,1
Constellium,4
Coolco,1
Cooper,1
Cooper Standard,4
Copa,1
Copt Defense,2
Copt Defense Properties,1
Corcept,5
Core Lab,2
Core Laboratories,3
Core Labs,1
Core Scientific,2
Corebridge,3
Corecivic,2
Coreweave,2
Cormedix,6
Corning,5
Corpay,3
Corsair,2
Corteva,3
Corvel,2
Corvus,1
Costar,3
Costco,2
Costco Wholesale,5
Coty,2
Couchbase,1
Coupang,6
Coursera,2
Cousins,1
Covenant,1
Covista,1
Cpi Card,2
Cpi Card Group,2
Cpkc,1
Cps Tech,1
Cra International,1
Cracker Barrel,2
Crane,6
Crane Nxt,1
Credicorp,1
Credo,1
Credo Tech,2
Crescent Capital,1
Crescent Energy,4
Crh,1
Cricut,2
Crinetics,2
Criteo,5
Crocs,6
Cronos Group,5
Crossamerica,1
Crowdstrike,7
Crown,2
Crown Castle,5
Crown Crafts,2
Crown Holdings,2
Cryoport,5
Cs Disco,7
Csg Systems,1
Csp,3
Cspi,1
Csw,1
Csw Industrials,1
Csx,4
Cto,3
Cto Realty,1
Cts,3
Cubesmart,4
Cullen Frost,2
Culp,1
Cumberland,1
Cummins,3
Curbline,4
Curiositystream,2
Curis,1
Curtiss Wright,1
Custom Truck,1
Customers,1
Customers Bancorp,1
Cvb Financial,2
Cvr Energy,3
Cvr Partners,4
Cvrx,3
Cvs,1
Cvs Health,5
Cxapp,2
Cytek,3
Cytokinetics,3
Cytomx,1
Cytosorbents,2
D Wave,5
D Wave Quantum,1
Daktronics,4
Dana,2
Danaher,4
Danaos,1
Daqo,1
Daqo New Energy,3
Darden,5
Dare Bioscience,1
Dariohealth,1
Darling,4
Data I O,2
Data Storage,2
Datadog,7
Dauch,2
Dave Busters,1
Dave Busters Entertainment,3
Davita,10
Day One Bio,1
Dayforce,1
Deckers,3
Deere,3
Definium,2
Del Monte,1
Delcath,2
Delek,1
Delek Logistics,3
Delek Logistics Partners,5
Delek Us,3
Dell,2
Delta,1
Delta Air Lines,4
Deluxe,2
Dentsply Sirona,4
Descartes,1
Designer Brands,6
Destination Xl,2
Devon,1
Devon Energy,6
Dexcom,8
Dhi Group,2
Dht,5
Diamedica,1
Diamondback,5
Diamondback Energy,5
Diamondrock,2
Dicks,3
Diebold Nixdorf,2
Digi,1
Digital Realty,4
Digital Realty Trust,4
Digital Turbine,2
Digitalbridge,3
Digitalocean,4
Dime,2
Dime Community,3
Dine Brands,3
Diodes,2
Direct Digital,1
Disney,2
Dlh,2
Dlocal,2
Dmc Global,1
Dnow,2
Docebo,2
Docgo,2
Docusign,6
Dolby,3
Dole,2
Dollar General,7
Dollar Tree,6
Dolphin,2
Dominion,2
Dominion Energy,6
Dominos,4
Dominos Pizza,1
Domo,6
Donaldson,2
Doordash,6
Dorman,5
Doubledown,1
Doubleverify,8
Douglas Dynamics,2
Douglas Emmett,2
Dover,4
Dow,8
Doximity,2
Dr Horton,8
Draftkings,6
Dragonfly,1
Drilling Tools,1
Driven Brands,1
Dropbox,2
Dsg,3
Dt Midstream,3
Dte,1
Dte Energy,1
Dti,1
Ducommun,2
Duke Energy,2
Duluth,11
Duluth Holdings,1
Duolingo,9
Dupont,2
Dutch Bros,8
Dxc,1
Dxc Technology,5
Dxl,2
Dxp,1
Dxp Enterprises,1
Dyadic,3
Dycom,2
Dynatrace,5
Dynavax Technologies,5
Dynex,1
Dynex Capital,2
E L F,1
Eagle Bancorp,3
Eagle Materials,1
Eagle Point Credit,1
East West,3
Easterly,2
Eastern,1
Eastern Bankshares,6
Eastgroup,4
Eastman,1
Eaton,3
Ebay,3
Ecarx,3
Echostar,1
Ecolab,4
Ecopetrol,4
Ecovyst,3
Edap,1
Edgewell,2
Edible Garden,1
Edison,3
Edison Intl,1
Editas,1
Edwards,2
Egain,1
Ehang,2
Ehealth,1
El Pollo Loco,3
Elanco,2
Elanco Animal Health,5
Elastic,6
Eldorado Gold,2
Electrocore,2
Electronic Arts,4
Electrovaya,1
Elevance,1
Elevance Health,8
Elf Beauty,2
Eli Lilly,10
Ellington,1
Elme,1
Eltek,3
Elutia,2
Embecta,3
Emcor,2
Emcor Group,2
Emerald,1
Emeren,1
Emergent,2
Emergent Biosolutions,5
Emerson,3
Empire State,1
Employers,3
Enact,1
Enbridge,1
Encompass Health,1
Endava,2
Endeavour Silver,1
Enerflex,1
Energizer,4
Energy Recovery,1
Energy Transfer,6
Energy Vault,1
Enerpac,5
Enersys,2
Enhabit,3
Enova,4
Enovis,1
Enovix,2
Enphase,4
Enphase Energy,4
Enpro,2
Ensign,1
Entegris,2
Entergy,4
Enterprise,4
Enterprise Financial,1
Enterprise Products Partners,4
Entravision,2
Enviri,2
Envista,1
Eog,1
Eog Resources,7
Epam,3
Epam Systems,4
Eplus,1
Epr,1
Epr Properties,6
Epsilon Energy,1
Eqt,3
Equifax,5
Equinix,7
Equitable,5
Equity,1
Equity Bancshares,1
Equity Lifestyle,1
Equity Residential,2
Erie Indemnity,3
Ero Copper,1
Esab,1
Escalade,1
Ess Tech,1
Essent Group,3
Essex,3
Essex Property Trust,1
Estee Lauder,2
Ethan Allen,3
Ethos,1
Eton Pharma,1
Etoro,1
Etsy,6
Eurodry,1
Euronet,3
Euroseas,2
Evaxion,2
Evercommerce,2
Evercore,4
Everest Group,1
Evergy,2
Everquote,5
Eversource,3
Everspin,3
Evertec,2
Everus,2
Evgo,1
Evolent,1
Evolent Health,5
Evolus,4
Evolv,1
Evotec,1
Exact Sciences,6
Excelerate Energy,1
Exelixis,7
Exelon,3
Exlservice,3
Exp World,6
Expand Energy,5
Expedia,2
Expedia Group,4
Expensify,1
Expion360,1
Exponent,3
Expro,4
Extra Space,3
Extra Space Storage,1
Extreme,2
Extreme Networks,1
Exxon Mobil,2
Exxonmobil,5
Exzeo,1
Eyepoint,3
Ezcorp,3
F5,3
Fabrinet,4
Factset,2
Fair Isaac,3
Farmer Mac,2
Farmland Partners,1
Fastenal,3
Fastly,7
Fathom,1
Fb Financial,6
Federal Realty,3
Federal Signal,4
Federated Hermes,3
Fedex,6
Fennec,1
Ferguson,4
Ferroglobe,2
Fg,1
Fgi,1
Fgi Industries,1
Fidelis,1
Fidelity National Information,1
Fidus,2
Fifth Third,2
Figma,3
Figs,7
Figure,1
Finvolution,1
Finwise,3
Firefly,1
First Advantage,1
First American,4
First Bancorp,5
First Bank,7
First Business,2
First Commonwealth,1
First Financial,3
First Hawaiian,1
First Horizon,3
First Industrial,2
First Industrial Realty Trust,1
First Internet,1
First Interstate,1
First Merchants,5
First Solar,7
First Watch,2
First Western,1
Firstenergy,4
Firstservice,4
Firstsun,1
Fiscalnote,5
Fiserv,2
Five Below,6
Five Point,1
Five Star,2
Five9,2
Fiverr,3
Flagstar,2
Flex,3
Flex Lng,4
Flexsteel,4
Floor Decor,2
Flotek,4
Flowco,2
Flowers Foods,1
Flowserve,2
Fluence,3
Fluent,2
Fluor,1
Flutter,4
Flux Power,3
Flywire,7
Fmc,2
Fnb,7
Ford,2
Ford Motor Company,4
Forestar,2
Formfactor,3
Forrester,3
Fortinet,4
Fortive,4
Fortrea,2
Fortuna,2
Fortuna Mining,1
Fortune Brands,2
Forum Energy,1
Forward Air,3
Fossil,3
Fox,3
Fox Factory,2
Fractyl,1
Franco Nevada,1
Franklin,2
Franklin Covey,2
Franklin Electric,2
Freeport,2
Freeport Mcmoran,3
Freightos,3
Fresh Del Monte,2
Freshpet,7
Freshworks,8
Frontdoor,3
Frontline,2
Frontview Reit,3
Frp Holdings,4
Fsk,1
Ftai,3
Ftc Solar,1
Fti Consulting,3
Fubotv,8
Fuel Tech,2
Fuelcell,1
Fuelcell Energy,2
Fulcrum,1
Fulgent,1
Full House,1
Full Truck Alliance,5
Fulton,2
Funko,2
Futu,3
G Iii Apparel,1
Gaia,2
Galaxy Digital,2
Gallagher,2
Gamblingcom,1
Gamesquare,4
Gaotu,2
Gap,6
Garmin,4
Garrett Motion,4
Gartner,2
Gates,1
Gates Industrial,2
Gatx,4
Gbank Financial,1
Gcm Grosvenor,3
Gct,1
Ge,5
Ge Aerospace,1
Ge Healthcare,5
Ge Vernova,4
Gen Digital,2
Genasys,1
Genco,1
Genedx,5
Generac,4
General Dynamics,7
General Electric,2
General Mills,7
General Motors,4
Genesco,1
Genesis,1
Genesis Energy,1
Genie Energy,4
Genius Sports,3
Genmab,1
Genpact,2
Gentex,4
Gentherm,2
Genuine Parts,5
Genworth,2
Genworth Financial,5
Geo Group,6
Geopark,1
Geospace,1
Geron,7
Getty Images,2
Getty Realty,4
Gevo,2
Gibraltar,1
Gigacloud,2
Gilat,2
Gildan,2
Gilead,3
Gilead Sciences,5
Ginkgo Bioworks,1
Gitlab,1
Glacier Bancorp,3
Gladstone,1
Gladstone Capital,1
Gladstone Land,1
Glatfelter,3
Glaukos,3
Global E Online,5
Global Industrial,2
Global Net Lease,2
Global Partners,2
Global Payments,1
Global Ship Lease,3
Globalfoundries,2
Globalstar,1
Globant,2
Globe Life,5
Globus Medical,6
Gloo,1
Gm,5
Gms,1
Godaddy,2
Gogo,3
Gogoro,1
Goldcom,1
Goldman Sachs,3
Golub Capital,2
Good Times,3
Goodrx,7
Goodyear,1
Goosehead,4
Goosehead Insurance,5
Gopro,6
Gpgi,2
Grab,2
Graco,5
Graftech,4
Graftech International,4
Grail,2
Grainger,3
Grand Canyon,1
Granite,3
Granite Point,1
Granite Ridge,1
Graphic Packaging,1
Gray Media,2
Green Brick,1
Green Plains,3
Greenbrier,4
Greenlight Re,2
Greif,6
Greystone,1
Grid Dynamics,2
Griffon,1
Grindr,1
Grocery Outlet,5
Group 1,2
Grove,1
Growgeneration,2
Grupo Asur,1
Gsi Tech,1
Gsi Technology,1
Gsk,1
Guaranty Bancshares,1
Guardant Health,2
Guardian,1
Guess,1
Guidewire,2
Gulfport,1
Gulfport Energy,1
Gxo,2
H2O America,3
Hackett,1
Hackett Group,1
Haemonetics,2
Hagerty,3
Hain Celestial,2
Hallador,1
Hallador Energy,1
Halliburton,7
Halozyme,3
Hamilton,2
Hamilton Beach,2
Hamilton Lane,2
Hancock Whitney,4
Hanmi,3
Hanmi Financial,1
Hanover,2
Harley Davidson,6
Harmonic,3
Harmony Biosciences,5
Harrow,1
Hartford,1
Hasbro,6
Haverty,2
Hawaiian,2
Hawaiian Electric,1
Hayward,4
Hb Fuller,2
Hca,3
Hca Healthcare,6
Hci,1
Health Catalyst,2
Health In Tech,1
Healthcare Realty,2
Healthequity,2
Healthpeak,3
Healthstream,4
Heartbeam,3
Hecla,1
Hecla Mining,6
Heico,6
Helen Of Troy,3
Helios,1
Helix,2
Helix Energy,2
Helmerich Payne,1
Henry Schein,2
Herbalife,7
Herc,5
Hercules Capital,1
Heritage Financial,1
Heritage Global,2
Heron,2
Hershey,2
Hertz,2
Hesai,1
Hesai Group,1
Hess Midstream,3
Hexcel,4
Hf Foods,2
Hf Sinclair,3
Highpeak,1
Highpeak Energy,1
Highwoods,5
Highwoods Properties,4
Hillman,5
Hilltop,3
Hilton,4
Himax,1
Hims,1
Hims Hers,1
Hinge Health,2
Hippo,2
Hirequest,1
Hive,2
Hni,4
Holley,2
Home Bancorp,6
Home Bancshares,3
Home Depot,6
Honda Motor,4
Honest,3
Honeywell,3
Honeywell International,4
Hooker Furnishings,1
Hope Bancorp,4
Horace Mann,2
Horizon,4
Horizon Bancorp,3
Hormel,2
Hormel Foods,1
Host Hotels,1
Houlihan Lokey,2
Hovnanian,1
Howard Hughes,2
Howmet,2
Hp,2
Hpe,3
Hr Block,3
Hub Group,1
Hubbell,4
Hubspot,7
Hudbay,3
Hudson Pacific,3
Hudson Tech,2
Huize,1
Humacyte,1
Humana,4
Huntington,4
Huntsman,2
Huron,2
Huron Consulting,1
Huya,7
Hyatt,1
Hyatt Hotels,1
Hyperfine,3
Hyster Yale,2
I3 Verticals,1
Iac,4
Iamgold,3
Ibex,3
Ibm,4
Ibotta,3
Icahn,1
Icahn Enterprises,5
Icecure,2
Icecure Medical,1
Icf,4
Ichor,4
Icici Bank,1
Icon,4
Icu Medical,2
Idacorp,1
Ideal Power,1
Identiv,1
Idex,4
Idexx,3
Igi,1
Iheartmedia,2
Illinois Tool Works,5
Illumina,3
Imax,8
Immucell,1
Immuneering,1
Immunocore,2
Immunoprecise,1
Immunovant,1
Impinj,4
Imunon,1
Incyte,5
Independent Bank,1
Indie,1
Indivior,2
Infinera,2
Infosys,1
Ingersoll Rand,5
Ingevity,1
Ingram Micro,2
Ingredion,1
Inmode,7
Inmune Bio,1
Innodata,3
Innospec,4
Innovage,2
Innovate,1
Innovative Industrial Properties,5
Innovex,4
Innoviz,1
Inogen,1
Inotiv,1
Inovio,1
Inovio Pharmaceuticals,5
Insight,4
Insmed,2
Insperity,3
Inspire,2
Inspire Medical,2
Inspired,1
Inspiremd,3
Instacart,7
Insteel,3
Insulet,1
Intapp,2
Integer,3
Integra,1
Intel,9
Intellia,2
Inter Co,2
Inter Parfums,1
Interdigital,4
Interface,2
International Business Machines,2
International Game Technology Plc,5
International Seaways,1
Interparfums,1
Interpublic,1
Intl,1
Intrepid,1
Intrepid Potash,1
Intrusion,2
Intuit,7
Intuitive,1
Intuitive Surgical,4
Inventrust,4
Invesco,3
Invesco Mortgage,1
Invivyd,1
Ionis,4
Ionq,3
Iovance,3
Ipg Photonics,4
Iqiyi,3
Iqvia,2
Iradimed,1
Iren,2
Irhythm,2
Iridex,1
Iridium,7
Iron Mountain,8
Ironwood,1
Isg,2
Ispire,2
Itron,3
Itt,2
Ituran,4
Izea,2
J P Morgan Chase,1
Jabil,3
Jack Henry,1
Jack In The Box,2
Jackson Financial,1
Jacobs,3
Jakks Pacific,2
James Hardie,3
James River,4
Janus,1
Jazz,1
Jb Hunt,4
Jbs,2
Jbt Marel,5
Jdcom,5
Jeld Wen,5
Jerash,1
Jetblue,5
Jetblue Airways,4
Jewett Cameron,4
Jfrog,2
Jiayin,1
Jiayin Group,1
Jinkosolar,2
Jj Snack,1
Jj Snack Foods,6
Jjill,2
Joby Aviation,2
Johnson,1
Johnson Controls,3
Johnson Controls International Plc,4
Johnson Johnson,4
Jones Lang Lasalle,1
Jpmorgan,2
Jpmorgan Chase,4
Jumia,2
Jumia Technologies Ag,4
Kadant,3
Kaiser Aluminum,8
Kaltura,2
Kamada,1
Kandi,1
Kanzhun,5
Karat,1
Karat Packaging,2
Karooooo,2
Karyopharm,3
Karyopharm Therapeutics,5
Kaspikz,2
Kb Home,3
Kbr,2
Keel,1
Kemper,3
Kennametal,3
Kennedy Wilson,1
Kenvue,4
Kestra Medical,2
Keurig Dr Pepper,3
Key Tronic,3
Keycorp,2
Keysight,2
Kforce,4
Kilroy,2
Kilroy Realty,2
Kimball,2
Kimbell,1
Kimbell Royalty,1
Kimberly Clark,9
Kimco,1
Kinder Morgan,7
Kindercare,1
Kinetik,1
Kingsoft Cloud,2
Kingstone,1
Kingsway,2
Kiniksa,2
Kinross Gold,1
Kinsale,4
Kirby,3
Kite,1
Kite Realty,3
Kkr,2
Kla,9
Klarna,1
Klaviyo,8
Klx Energy,1
Knife River,3
Knight Swift,3
Knowles,4
Kodak,2
Kodiak Ai,2
Kodiak Gas,2
Kohls,6
Kontoor Brands,2
Koppers,4
Kore,2
Korn Ferry,1
Kornit Digital,2
Koru Medical,2
Kosmos,1
Kosmos Energy,3
Kraft Heinz,4
Kratos,2
Krispy Kreme,5
Kroger,6
Krystal,3
Krystal Biotech,1
Kura Sushi,3
Kvh,2
Kymera,2
Kyndryl,3
Kyntra Bio,2
L3Harris,3
La Z Boy,1
Labcorp,4
Ladder Capital,3
Lakeland,2
Lam Research,7
Lamar,2
Lamar Advertising,1
Lamb Weston,4
Landbridge,1
Landmark Bancorp,2
Lands End,8
Landstar,4
Landstar System,1
Lantheus,2
Lantronix,3
Las Vegas Sands,7
Latam,2
Latam Airlines,1
Latham,1
Latham Group,1
Lattice,2
Laureate,6
Lazard,2
Lb Foster,3
Lci,2
Lear,3
Lee,1
Lee Enterprises,1
Legacy Housing,1
Legalzoom,2
Legend Biotech,4
Leggett And Platt,1
Leidos,2
Lemaitre,1
Lemonade,7
Lendingclub,4
Lendingtree,3
Lennar,6
Lennox,4
Lenz,1
Leonardo Drs,3
Lesaka,1
Leslies,3
Levi Strauss,4
Lexicon,1
Lexinfintech,5
Lgi Homes,9
Li Auto,5
Liberty,1
Liberty Energy,3
Life Time,3
Life360,1
Lifemd,1
Lifestance,1
Lifetime Brands,2
Lifevantage,2
Lifeward,1
Ligand,1
Lightbridge,1
Lightpath,3
Lightspeed,1
Lightspeed Commerce,4
Limbach,3
Limoneira,10
Lincoln,4
Lindblad,1
Lindblad Expeditions,5
Linde,3
Lindsay,2
Lineage,4
Liqtech,2
Liquidia,2
Lisata,1
Lithia,2
Lithia Motors,1
Littelfuse,5
Livanova,5
Live Nation,3
Live Oak,4
Live Oak Bancshares,4
Liveperson,1
Liveramp,2
Livewire,5
Lkq,5
Lm Funding,5
Loandepot,8
Loar,2
Loar Holdings,1
Lockheed Martin,8
Logitech,1
Longeveron,1
Loop,1
Lotus Tech,1
Lovesac,5
Lowes,2
Lowes Companies,5
Lpl Financial,2
Lsb Industries,2
Lsi,3
Lsi Industries,1
Ltc,1
Ltc Properties,1
Lucid,1
Lucid Group,2
Lululemon,3
Lululemon Athletica,5
Lulus,2
Lumen,2
Lumen Technologies,4
Lumentum,3
Luminar,2
Luxfer,4
Lxp,2
Lxp Industrial,1
Lyft,9
Lyondellbasell,7
Mac Copper,1
Macerich,6
Mach Natural,1
Mach Natural Resources,1
Macom,3
Macrogenics,4
Macys,7
Madrigal,2
Magna,3
Magnachip,5
Magnera,2
Magnite,8
Magnolia,2
Main Street,1
Main Street Capital,5
Mainstreet,3
Mainstreet Bancshares,1
Makemytrip,3
Malibu Boats,1
Mama S Creations,1
Mamas Creations,2
Mammoth Energy,3
Manhattan,2
Manitowoc,2
Mannkind,6
Manpowergroup,3
Mara,2
Marathon,1
Marathon Petroleum,4
Maravai,1
Maravai Lifesciences,5
Marchex,1
Marcus,3
Marex,2
Marex Group,1
Marinemax,3
Markel,2
Markel Group,4
Marketaxess,1
Marqeta,6
Marriott,2
Marsh Mclennan,2
Marsh Mclennan Companies,4
Martin Marietta,3
Marvell,1
Marvell Technology,5
Marzetti,3
Masco,4
Masimo,1
Mastec,4
Masterbrand,2
Mastercard,6
Mastercraft,2
Matador,4
Match Group,6
Materialise,2
Materion,3
Mativ,2
Matrix,1
Matson,4
Mattel,4
Matthews,4
Maxcyte,1
Maximus,3
Maxlinear,4
Mayville,1
Mbia,1
Mccormick,5
Mcdonalds,5
Mcgrath,2
Mcgrath Rentcorp,6
Mcgraw Hill,1
Mckesson,7
Mdu,1
Mdu Resources,3
Mdxhealth,2
Mediaalpha,3
Medical Properties Trust,5
Medifast,2
Mediwound,3
Medpace,4
Medtronic,7
Melco,1
Mercadolibre,8
Mercantile Bank,2
Mercer,1
Merck,7
Mercury Systems,2
Merit Medical,1
Meritage,1
Meritage Homes,7
Meta,2
Meta Platforms,3
Metallus,5
Methanex,2
Methode,1
Metlife,1
Metropolitan Bank,1
Mfa,1
Mfa Financial,1
Mgic,2
Mgic Investment,1
Mgm,1
Mgm Resorts,2
Mgm Resorts International,4
Mgp,2
Mgp Ingredients,2
Mi Homes,4
Microchip,2
Microchip Technology,1
Micron,3
Micron Technology,3
Microsoft,8
Microstrategy,4
Microvast,1
Microvision,3
Middleby,2
Midwestone,1
Millerknoll,3
Millrose,2
Mimedx,2
Mind,2
Mind Technology,3
Mindmed,2
Mindwalk,1
Minerals Technology,1
Mineralys,2
Miniso,2
Mink,1
Mirion,3
Mirion Technologies,1
Mirum,4
Mission Produce,6
Mister Car Wash,2
Mistras,2
Mistras Group,1
Mitek,3
Mks,2
Mntn,2
Mobileye,4
Mobileye Global,4
Moderna,12
Moelis,4
Mohawk,3
Molina,3
Molson Coors,4
Mondaycom,9
Mondelez,4
Mongodb,8
Monro,2
Monster,4
Monster Beverage,2
Montauk,1
Montrose,1
Moodys,3
Morgan Stanley,3
Mosaic,8
Motorcar Parts,2
Movado,3
Mp Materials,2
Mplx,3
Mr Cooper Group,4
Msa,1
Msa Safety,2
Msc Industrial,2
Msc Industrial Direct,4
Msci,8
Msg,1
Msg Sports,1
Mt Bank,3
Mueller,1
Murphy Oil,1
Murphy Usa,3
Myers Industries,1
Myr Group,5
Myriad Genetics,1
N Able,3
Nabors,4
Nacco,2
Nano Dimension,2
Nano Labs,1
Nano X Imaging,4
Napco,3
Nasdaq,3
Natera,4
National Bank,3
National Fuel Gas,1
National Grid,1
National Research,1
National Storage,1
National Vision,1
Natural Grocers,2
Natural Health Trends,1
Natural Resource Partners,1
Natwest,1
Nautilus,2
Navan,1
Navient,4
Navigator,2
Navios,1
Navitas,2
Nbh Bank,2
Nbt Bancorp,3
Ncino,6
Ncr,6
Ncr Voyix,1
Ncs Multistage,2
Nebius,1
Nektar,2
Neogen,5
Neogenomics,6
Nephros,2
Neptune,2
Nerdwallet,1
Nerdy,2
Netapp,1
Netcapital,6
Netflix,8
Netgear,2
Netscout,2
Netskope,1
Netstreit,2
Neurocrine,4
Neuronetics,2
Neuroone,2
Neuropace,3
New Gold,4
New Oriental,4
Newell Brands,1
Newmark,3
Newmarket,3
Newmont,3
News Corp,7
Newtekone,4
Nexa Resources,1
Nexgel,1
Nexpoint,5
Nexstar,2
Nextdoor,3
Nextera Energy,8
Nextera Energy Partners,2
Nextnav,1
Nextnrg,1
Nextpower,2
Nextracker,2
Nexxen,2
Nexxen International,1
Ngl Energy,1
Niagen,2
Nice,1
Nike,7
Nikola,4
Nine Energy,1
Nio,8
Nisource,3
Nlight,2
Nmi Holdings,2
Nn,2
Nnn Reit,4
Noah,1
Noble,5
Nordson,2
Nordstrom,4
Norfolk Southern,3
Northeast Bank,5
Northern Oil And Gas,1
Northern Trust,3
Northpointe,2
Northrop,1
Northrop Grumman,8
Northwest,3
Northwest Natural,5
Northwestern,1
Northwestern Energy,1
Norwegian,2
Norwegian Cruise Line,5
Norwood Financial,1
Nov,3
Novanta,1
Novartis,1
Novartis Ag,4
Novavax,3
Novo Nordisk,5
Novocure,11
Nrg,2
Nrg Energy,1
Nu,1
Nu Skin,2
Nucor,3
Nuscale,2
Nutanix,2
Nutex,1
Nutex Health,3
Nutrien,1
Nuvation Bio,3
Nuvve,2
Nuwellis,1
Nve,3
Nvent,4
Nvent Electric Plc,4
Nvidia,6
Nwpx,1
Nxp,4
Nxp Semiconductors,4
Ny Times,1
Nyxoah,3
O I Glass,5
Oaktree Lending,1
Oatly,7
Oatly Group Ab,4
Occidental,2
Occidental Petroleum,4
Oceaneering,4
Oceanfirst,3
Octave,1
Ocugen,6
Oddity Tech,5
Offerpad,4
Ofg,1
Ofg Bancorp,2
Ofs,1
Ofs Capital,1
Oge,3
Oge Energy,2
Oil Dri,1
Oil Dri Of America,4
Oil States,3
Oklo,3
Okta,7
Olaplex,2
Old Dominion,4
Old National,2
Old Republic,4
Old Second,2
Olin,3
Ollies,3
Olo,5
Olympic Steel,1
Omada Health,2
Omega,1
Omega Healthcare,3
Omega Healthcare Investors,4
Omeros,1
Omniab,2
Omnicell,4
Omnicom,4
On,2
On Holding,5
On Semiconductor,2
One Gas,4
One Group,1
One Stop Systems,2
Onemain,4
Oneok,9
Onespan,5
Onespaworld,3
Onewater,2
Onity,1
Onity Group,2
Onto,1
Onto Innovation,1
Ooma,1
Opal Fuels,2
Open Lending,1
Open Text,1
Opendoor,4
Openlane,3
Opentext,1
Opera,3
Opko Health,7
Oportun,2
Oppfi,3
Optical Cable,2
Optimizerx,1
Optimum,2
Option Care,1
Oracle,7
Orasure,2
Orchid,1
Orchid Island,3
Oreilly,1
Organigram,4
Organogenesis,7
Organon,1
Origin,2
Origin Bancorp,4
Orion,6
Orion Group,1
Orion Properties,1
Orrstown,3
Orthofix,2
Orthopediatrics,2
Oscar Health,2
Oshkosh,3
Osi Systems,3
Otis,5
Otis Worldwide,4
Otter Tail,4
Ouster,1
Outbrain,5
Outdoor Holding,1
Outfront Media,1
Outset Medical,2
Ovintiv,3
Owens Corning,3
Owlet,3
Oxford Industries,1
P3 Health,1
Pacbio,2
Paccar,4
Pacira,2
Packaging Corp,1
Pagaya,7
Pagerduty,1
Pagseguro,2
Palantir,5
Palantir Technologies,4
Palladyne Ai,2
Palo Alto Networks,5
Palomar,2
Pan American Silver,5
Papa Johns,2
Par,1
Par Pacific,4
Par Technology,3
Park Aerospace,4
Park Hotels,3
Park Ohio,3
Parker Hannifin,4
Parsons,4
Pathward,3
Patria,2
Patrick,2
Pattern,1
Pattern Group,1
Patterson Uti,5
Paychex,3
Paycom,3
Paycom Software,4
Paycor Hcm,3
Paylocity,2
Paymentus,4
Payoneer,3
Paypal,8
Paysafe,1
Paysign,2
Pbf Energy,1
Pc Connection,2
Pca,4
Pdf Solutions,2
Peabody,1
Peabody Energy,2
Peakstone,1
Pebblebrook,4
Pediatrix,2
Pegasystems,5
Peloton,3
Peloton Interactive,4
Penn,2
Pennant,2
Pennantpark,2
Pennymac,4
Penske,4
Pentair,3
Penumbra,2
Peoples,1
Peoples Bancorp,1
Pepsico,4
Peraso,2
Perdoceo,1
Perella Weinberg,2
Perimeter,1
Perion,1
Perion Network,4
Permian Resources,2
Perrigo,3
Personalis,2
Petco,4
Pfg,1
Pfizer,10
Pg,2
Pge,3
Phathom,2
Philip Morris,1
Philip Morris International,2
Phillips,1
Phillips 66,8
Phillips Edison,3
Phinia,2
Photronics,2
Phreesia,1
Piedmont,3
Pilgrims Pride,2
Pinnacle,5
Pinnacle West,3
Pinterest,6
Pioneer Power,1
Piper Sandler,3
Pitney Bowes,1
Pixelworks,2
Pjt,2
Pjt Partners,1
Plains Gp,3
Planet Fitness,7
Planet Labs,3
Playboy,1
Playtika,2
Plexus,1
Plug Power,10
Plymouth Industrial Reit,5
Pnc,3
Polaris,9
Polypid,1
Pony Ai,2
Pool,3
Pool Corp,2
Popular,5
Porch,2
Porch Group,2
Portillos,4
Portland General,1
Post,1
Postal Realty,3
Potlatchdeltic,2
Powell,4
Powerfleet,3
Ppg,7
Ppg Industries,4
Ppl,3
Pra Group,3
Praxis,1
Precigen,2
Preferred Bank,3
Prestige,2
Pricesmart,2
Primerica,2
Primis,1
Primo Brands,2
Primoris,3
Principal,3
Priority Tech,2
Privia Health,2
Procept,1
Procore,4
Procter And,1
Procter Gamble,1
Proficient Auto,1
Profrac,2
Prog,1
Prog Holdings,2
Progress,1
Progressive,3
Progyny,3
Prologis,8
Propetro,3
Prosperity,3
Proto Labs,7
Provident,4
Prudential,2
Prudential Financial,4
Pseg,2
Ptc,7
Ptc Therapeutics,1
Public Storage,3
Pubmatic,6
Pulmonx,2
Pulse Biosciences,1
Pultegroup,4
Puma,1
Purecycle,2
Puretech,2
Pursuit,1
Pvh,1
Q2,2
Q2 Holdings,4
Qcr,4
Qiagen,2
Qorvo,4
Quad,5
Quaker,1
Quaker Chemical,1
Qualcomm,7
Qualys,4
Quanex,2
Quanta,4
Quantasing,1
Quanterix,2
Quantum,1
Quantum Si,2
Quantumscape,5
Quest,6
Quest Resource,2
Quicklogic,2
Quidelortho,3
Quinstreet,2
Rackspace,1
Radcom,1
Radian,2
Radnet,3
Radware,5
Ralliant,1
Ralph Lauren,2
Rambus,4
Rand,1
Rand Capital,2
Range,1
Range Resources,2
Ranger,1
Ranger Energy,1
Ranpak,1
Rapid7,2
Raymond James,2
Rayonier,5
Rb Global,3
Rbb,1
Rbb Bancorp,6
Rbc Bearings,2
Rbi,1
Ready Capital,1
Real,1
Real Brokerage,1
Realreal,1
Realty Income,7
Recursion,2
Red Cat,1
Red Robin,2
Red Rock,3
Red Violet,3
Reddit,3
Redfin,5
Redwire,1
Redwood Trust,4
Regal Rexnord,2
Regency Centers,2
Regeneron,7
Regenxbio,2
Regions,2
Regions Financial,4
Regis,1
Rekor,2
Reliance,4
Relmada,2
Remax,1
Remitly,4
Remitly Global,5
Renaissancere,4
Renasant,6
Renovorx,1
Rent The,1
Rent The Runway,4
Repay,3
Repligen,2
Repositrak,1
Republic Services,3
Reservoir Media,2
Resmed,3
Revolution,1
Revolve,1
Revvity,2
Rex,2
Rexford,2
Reynolds,2
Rf Industries,3
Rgc Resources,1
Rgp,2
Rh,7
Rhythm,1
Ribbon,3
Richardson,1
Rigetti,2
Rimini Street,2
Ringcentral,7
Rio Tinto Group,2
Riot,3
Riskified,1
Rithm,5
Rithm Capital,6
Rivian,2
Rivian Automotive,1
Rli,2
Rlj,1
Rlj Lodging,1
Rlx Technology,1
Rmr,1
Robinhood,4
Robinhood Markets,4
Roblox,6
Rocket,3
Rocket Companies,5
Rocket Lab,3
Rockwell,2
Rockwell Medical,1
Rocky Brands,2
Rogers,4
Roivant,1
Roku,7
Rollins,7
Root,3
Roper,6
Ross Stores,1
Royal Caribbean,4
Royal Caribbean Cruises,4
Royal Gold,3
Royalty Pharma,2
Rpc,4
Rpm,3
Rtx,10
Rubrik,2
Ruger,2
Rumble,2
Runway Growth,1
Rush Street,2
Rxo,2
Rxsight,1
Ryan Specialty,2
Ryder,2
Ryder System,1
Ryerson,1
Ryman,1
Sabra,1
Sabre,3
Safe Bulkers,1
Safehold,2
Saga,2
Saia,5
Saic,2
Sailpoint,1
Salesforce,5
Sally Beauty,1
Samsara,2
Sanara Medtech,1
Sandisk,2
Sandridge,3
Sanfilippo,1
Sangamo,1
Sanmina,6
Sanofi,4
Saratoga,2
Sarepta,2
Sarepta Therapeutics,5
Savers,2
Sb Financial,3
Sba,1
Scansource,3
Schlumberger,1
Schneider,2
Scholar Rock,2
Scholastic,4
Schrodinger,2
Schwab,2
Scorpio Tankers,3
Scotts Miracle Gro,4
Scripps,1
Sea Limited,6
Seacoast,4
Seadrill,1
Seagate,6
Seagate Technology,1
Seagate Technology Plc,4
Sealed Air,4
Seanergy,2
Seastar Medical,1
Seer,2
Sei Investments,4
Select Medical,4
Select Water,1
Selective,5
Selectquote,8
Sempra,4
Semtech,3
Senestech,1
Sensata,6
Senseonics,2
Sensient,4
Senstar,3
Sensus,2
Sensus Healthcare,1
Sentinelone,6
Sequans,2
Sera,1
Seres,1
Serve Robotics,3
Servicenow,9
Servicetitan,2
Servisfirst,2
Ses,1
Ses Ai,2
Seven Hills,2
Seven Hills Realty,1
Sezzle,1
Sfl,2
Shake Shack,2
Sharkninja,2
Sharplink,1
Shenandoah,3
Sherwin Williams,5
Shimmick,1
Shoals,1
Shopify,10
Si Bone,2
Sibanye Stillwater,2
Sify,6
Siga,1
Sight Sciences,3
Signet,2
Signet Jewelers,5
Sila Realty,2
Silgan,4
Silicom,3
Silicon Motion,5
Silvaco,2
Similarweb,1
Simmons,1
Simmons First,1
Simon,1
Simon Property Group,4
Simply Good Foods,1
Simpson,3
Simpson Mfg,1
Simulations Plus,3
Sinclair,3
Sirius Xm,6
Siriuspoint,1
Siriusxm,1
Siteone,4
Sitime,6
Six Flags,2
Six Flags Entertainment,3
Sixth Street,1
Skechers Usa,4
Skillsoft,5
Skillz,1
Sky Harbour,2
Skyward,1
Skywater Technology,5
Skywest,4
Skyworks,2
Skyworks Solutions,4
Skyx,1
Sl Green,2
Slb,2
Sleep Number,9
Slide,2
Slm,3
Slr,1
Slr Investment,2
Sm Energy,1
Smartfinancial,2
Smartrent,1
Smartsheet,3
Smartstop,1
Smith Douglas,2
Smith Wesson,2
Smithfield Foods,2
Smucker,2
Smurfit Westrock,2
Snail,1
Snap,6
Snap On,3
Sndl,9
Snowflake,7
So Young,3
Socket Mobile,1
Sofi,3
Sofi Technologies,1
Sohucom,2
Solaredge,1
Solaredge Technologies,5
Solaris Energy,4
Soleno,1
Solesence,1
Solid Power,1
Solo Brands,1
Solstice,2
Solventum,4
Somnigroup,2
Sonic,1
Sonic Automotive,2
Sonida,2
Sono Tek,1
Sonoco,5
Sonos,6
Sophia Genetics,2
Sotera Health,8
Soundhound Ai,4
Soundthinking,1
South Bow,3
South Plains,4
Southern,3
Southern Copper,5
Southside,2
Southstate,2
Southwest,4
Southwest Airlines,4
Southwest Gas,1
Sow Good,2
Sp Global,8
Spectral Ai,2
Spectrum Brands,3
Spire,3
Spire Global,1
Spok,1
Sportradar,7
Sportradar Group Ag,5
Sportsmans,1
Sportsmans Warehouse,1
Spotify,4
Sprinklr,1
Sprout Social,2
Sprouts,4
Sps Commerce,3
Spx,2
Ssc,4
Ssr Mining,8
St Bancorp,3
St Joe,3
Stabilis,5
Stag,2
Stag Industrial,2
Stagwell,2
Standardaero,2
Standex,5
Star Bulk,1
Star Equity,2
Star Group,2
Starbucks,9
Starwood,2
Starz,2
State Street,3
Stealthgas,1
Steel Dynamics,4
Stellar Bancorp,1
Stellus Capital,2
Stem,3
Stepan,5
Stepstone,2
Steris,2
Sterling,5
Stevanato,3
Steve Madden,1
Steven Madden,2
Stewart,6
Stifel,1
Stitch Fix,6
Stoneco,7
Stoneridge,1
Stonex,4
Stran,1
Strata,1
Stratasys,6
Strategy,1
Strattec,2
Stride,5
Stryker,3
Stubhub,1
Sturm Ruger,1
Suburban Propane,3
Sui Group,2
Summit,2
Summit Hotel,1
Summit Midstream,1
Sun Communities,5
Sun Country,1
Sun Country Airlines,4
Suncoke,1
Suncoke Energy,2
Sunlands,2
Sunoco,2
Sunoco Lp,1
Sunopta,1
Sunrun,2
Sunstone,2
Sunstone Hotel,1
Super Group,1
Super Micro,1
Super Micro Computer,1
Supercom,4
Superior,1
Superior Group,2
Supernus,1
Surf Air,1
Surgepays,2
Surgery Partners,2
Suro Capital,1
Sweetgreen,2
Sylvamo,3
Symbotic,4
Synaptics,5
Synchronoss,1
Synchrony,5
Synchrony Financial,4
Syndax,1
Synopsys,1
Sysco,5
T Mobile,3
T Mobile Us,5
T Rowe Price,3
Taboola,3
Tactile,1
Tactile Systems,3
Taiwan Semiconductor Manufacturing,4
Take Two,3
Take Two Interactive Software,4
Takeda,1
Tal,5
Talen,1
Talen Energy,2
Talkspace,1
Talos,1
Talos Energy,2
Talphera,2
Tandem,1
Tanger,2
Tapestry,2
Targa,2
Targa Resources,2
Target,5
Tarsus,2
Taskus,6
Tat Tech,1
Taylor Morrison,6
Taysha,2
Td Synnex,2
Tds,2
Te,1
Te Connectivity,4
Teads,3
Team,3
Technipfmc,2
Technipfmc Plc,5
Techprecision,1
Techtarget,3
Teck,3
Tecnoglass,2
Teekay,2
Teekay Tankers,2
Tegna,1
Tejon Ranch,2
Tela Bio,1
Teladoc,3
Teladoc Health,5
Teledyne,4
Teleflex,3
Telefonaktiebolaget Lm Ericsson Publ,4
Telephone And Data Systems,1
Telesat,1
Telos,3
Tempus Ai,1
Tenable,4
Tencent,5
Tenet,3
Tennant,3
Tenon Medical,3
Teradata,2
Teradyne,4
Terawulf,1
Terex,2
Ternium,2
Tesla,8
Tetra,2
Tetra Tech,2
Teva,3
Teva Pharmaceutical Industries,4
Texas,3
Texas Capital,2
Texas Roadhouse,3
Textron,2
Tg Therapeutics,3
The Aes,1
The Buckle,1
The Eastern,1
The Hartford,2
The Joint,2
The Oncology Institute,1
The Realreal,1
The St Joe,1
The Trade Desk,6
Thermo Fisher,3
Thermo Fisher Scientific,4
Thermon,3
Third Coast,3
Thomson Reuters,3
Thredup,4
Thryv,4
Tic,1
Tic Solutions,1
Tidewater,5
Tigo,1
Tigo Energy,1
Tillys,8
Tilray,2
Tilray Brands,4
Timken,4
Titan,1
Titan America,2
Titan Machinery,3
Tivic Health,1
Tjx,2
Tko,1
Tko Group,1
Tmc,1
Toast,7
Toll Brothers,1
Tomi,2
Topbuild,2
Topgolf Callaway Brands,4
Toro,6
Torrid,2
Townsquare,1
Tpg,5
Tpg Mortgage,1
Tractor Supply,5
Trade Desk,1
Tradeweb,4
Tradeweb Markets,4
Traeger,8
Trane,3
Transdigm,4
Transmedics,2
Transocean,10
Transunion,4
Travel Leisure,3
Travelers,4
Travelzoo,2
Travere,3
Treace Medical,1
Tremor International,4
Trex,1
Tri Pointe,2
Trimas,4
Trimble,7
Trinet,2
Trinity,2
Trinity Capital,3
Tripadvisor,3
Triple Flag,3
Trisalus,2
Triumph,2
Triumph Financial,2
Trivago,2
Tronox,2
Trueblue,2
Truecar,1
Truist,5
Trupanion,3
Trustco,4
Trustmark,5
Tsmc,1
Ttec,1
Ttm Tech,4
Tuniu,2
Turtle Beach,7
Tutor Perini,2
Tuya,1
Twfg,1
Twilio,8
Twin Disc,3
Twist,3
Two Harbors,5
Tyler,1
Tyson Foods,5
U Haul,1
Uber,3
Uber Technologies,4
Ubs,2
Ucloudlink,1
Udemy,1
Udr,3
Ufp,2
Ufp Industries,2
Ufp Tech,5
Ugi,3
Uhs,1
Uipath,6
Ul Solutions,2
Ulta Beauty,6
Ultra Clean,3
Ultragenyx,1
Ultralife,1
Umb,2
Umb Financial,3
Umh,3
Under Armour,2
Unifi,4
Unifirst,1
Union Pacific,5
Uniqure,2
Unisys,2
United Airlines,1
United Community Banks,1
United Fire,1
United Health Services,1
United Maritime,1
United Parcel Service,4
United Parks,1
United Rentals,6
Unitedhealth,2
Unitedhealth Group,4
Uniti,2
Unitil,4
Unity,2
Unity Software,5
Universal,3
Universal Insurance,1
Univest,5
Unum,5
Unum Group,5
Upbound,2
Upbound Group,2
Upexi,1
Upland Software,1
Ups,6
Upstart,6
Upwork,6
Urban Edge,4
Urban One,2
Urban Outfitters,1
Urgently,1
Urogen,3
Us Bancorp,2
Us Cellular,1
Us Foods,2
Us Global,1
Usa Today,2
Usana,3
Uscb,4
Usio,1
Utz,1
Utz Brands,3
Uwm,1
Uwm Holdings,1
Uxin,3
V2X,5
Vaalco,1
Vaalco Energy,1
Vail Resorts,2
Valaris,1
Vale,5
Valens,1
Valero,3
Valero Energy,1
Valley,2
Valley National,2
Valmont,2
Valvoline,2
Vanda,2
Varex Imaging,2
Varonis,4
Varonis Systems,4
Veeco,1
Veeva,1
Veeva Systems,5
Velocity Financial,3
Ventas,2
Venture Global,1
Vera Bradley,3
Veracyte,2
Veralto,3
Verastem,2
Vericel,3
Verifyme,1
Verint,1
Veris,2
Veris Residential,1
Verisign,4
Verisk,4
Veritone,2
Verizon,4
Verizon Communications,2
Verra Mobility,2
Vertex,6
Vertex Pharmaceuticals,4
Vertiv,5
Veru,1
Vestis,1
Vf,1
Viant Technology,1
Viatris,2
Viavi,4
Vici,1
Vici Properties,7
Vicor,4
Victory Capital,1
Viemed,3
Viking,4
Viking Holdings,1
Village Farms,3
Vimeo,1
Vince,2
Vinci Compass,2
Vinci Partners,1
Viomi,1
Viper Energy,4
Vipshop,2
Vir,1
Virgin Galactic,1
Virtra,1
Virtu,2
Virtu Financial,2
Virtus,2
Visa,8
Vishay,2
Vishay Precision,1
Vistagen,2
Vistance,2
Visteon,4
Vistra,1
Vita Coco,4
Vital Farms,1
Vitesse,3
Vitesse Energy,1
Vivid Seats,3
Vnet Group,2
Vontier,1
Vornado,6
Voxx International Corporation,3
Voya,3
Voya Financial,1
Voyager,2
Vse,2
Vtex,2
Vulcan,1
Vulcan Materials,4
Vuzix,5
W P Carey,2
W R Berkley,3
Wabash,3
Wabtec,5
Wafd,1
Walgreens Boots Alliance,3
Walker Dunlop,6
Wallbox,2
Walmart,6
Walt Disney,4
Warby Parker,6
Warner Bros Discovery,1
Warner Music,1
Warner Music Group,4
Warrior Met Coal,3
Waste Connections,1
Waste Management,5
Waterbridge,1
Waterdrop,2
Waters,2
Watsco,4
Watts Water,3
Wave,3
Wayfair,3
Waystar,3
Wd 40,8
Wealthfront,1
Weatherford,5
Weave,3
Webster,2
Webtoon,3
Webull,1
Wec,1
Wec Energy,2
Wells Fargo,8
Welltower,5
Wendys,5
Weride,1
Werner,3
Wesbanco,4
Wesco,2
West,1
West Bancorp,1
West Fraser,1
West Pharma,1
Western Alliance,5
Western Digital,7
Western Union,3
Westlake,2
Westport,2
Westport Fuel,1
Westport Fuel Systems,5
Westrock Coffee,2
Westwood,3
Wex,9
Weyco,2
Weyerhaeuser,3
Wheaton,2
Whirlpool,4
Whitehorse,1
Whitestone,1
Wiley,2
Willdan,1
Williams,3
Williams Sonoma,8
Willis Lease,1
Willscot,1
Wingstop,5
Winnebago,1
Winnebago Industries,4
Wintrust,5
Wisdomtree,2
Wix,3
Wixcom,6
Wm,4
Wm Technology,1
Wolfspeed,2
Wolverine,2
Woodward,4
Workday,6
Workiva,2
Worksport,2
World,1
World Kinect,2
Worthington Steel,2
Wp Carey,1
Wrap,1
Wsfs,3
Wsfs Financial,1
Wt Offshore,3
Wyndham,1
Wyndham Hotels,1
Wynn,2
Wynn Resorts,5
X Financial,1
Xcel,1
Xcel Brands,2
Xcel Energy,2
Xenia,1
Xenia Hotels,2
Xenon,1
Xeris,1
Xeris Biopharma,2
Xerox,2
Xometry,2
Xos,3
Xp,2
Xpel,2
Xpeng,5
Xperi,2
Xplr,1
Xpo,6
Xponential,2
Xponential Fitness,5
Xunlei,2
Xylem,3
Yalla,1
Yatsen,7
Yelp,2
Yeti,5
Yiren Digital,1
Yum,5
Yum Brands,5
Yum China,10
Zebra,1
Zebra Technologies,5
Zepp,1
Zeta,1
Zeta Global,7
Zevia,4
Zevra,2
Ziff Davis,1
Zillow,2
Zillow Group,2
Zim,2
Zimmer Biomet,3
Zimvie,5
Zions,4
Zions Bancorp,1
Ziprecruiter,1
Zoetis,11
Zoom,1
Zoom Video Communications,5
Zoominfo,3
Zoominfo Technologies,4
Zscaler,7
Zumiez,7
Zurn Elkay,2
Zymeworks,2
