cluster,size,top_words,top_companies
0,61,"tax, rate, tax rate, effective, effective tax, year, expected, income, higher, 2026, 2025, range, cash, million, guidance","Enerpac, Lb Foster, Pnc, Ofg Bancorp, Manhattan, Alliancebernstein, Rpc, Exelixis, Atmus Filtration, Huntington"
1,91,"year, million, ratio, premiums, insurance, premium, written, net, quarter, combined, combined ratio, segment, growth, loss, prior","Old Republic, Globe Life, Selective, Arch Capital, Hamilton, Hippo, James River, Cna, Travelers, Universal"
2,33,"year, noi, store, growth, million, basis, revenue, year year, occupancy, noi growth, 000, points, property, basis points, quarter","Urban Edge, Nexpoint, Cubesmart, Frp Holdings, Sonic Automotive, Camden, Paccar, Vornado, W P Carey, Welltower"
3,97,"leasing, square, rent, lease, feet, square feet, year, occupancy, new, million, leased, leases, 000, growth, 000 square","Vornado, Inventrust, Highwoods, Phillips Edison, Brandywine, Lxp, Kite Realty, American Assets, Kite, Hudson Pacific"
4,33,"ounces, 000, production, gold, ounce, year, 2025, silver, guidance, 000 ounces, million, aisc, cost, higher, q4","Ssr Mining, Southern Copper, Wheaton, Hudbay, Fortuna Mining, Teck, Fortuna, Buenaventura, Iamgold, Freeport"
5,109,"email, risks, email protected, protected, protected risks, email email, year, management, quarter, revenue, million, stated, higher, costs, impact","Aehr Test, Entergy, Altria, Intuit, Fidelis, Agenus, Culp, Duluth Holdings, Synchrony, Popular"
6,36,"guidance, year, share, ffo, 2025, growth, midpoint, core ffo, core, affo, million, raised, ffo share, 2026, range","Phillips Edison, Orion, Cto, Essex, American Assets, Associated Bank, Digital Realty, Udr, Federal Realty, Vici"
7,27,"year, revpar, quarter, year year, million, hotels, growth, hotel, adjusted, rmb, revenue, margin, ebitda, increase, total","Atour, Atour Lifestyle, Park Hotels, Hilton, Makemytrip, Xenia Hotels, Sunstone Hotel, Pebblebrook, Booking, Choice Hotels"
8,31,"backlog, billion, year, million, approximately, end, management, margin, year end, order, growth, services, conversion, described, backlog conversion","Ciena, Itron, 3M, Timken, Quanta, Topbuild, Knife River, Eaton, Tecnoglass, Innovate"
9,80,"billion, year, million, aum, year year, fee, quarter, management, net, fees, assets, growth, revenues, 2025, revenue","Blackstone, Apollo, Tpg, Blackrock, Patria, Gcm Grosvenor, Carlyle, T Rowe Price, Vinci Compass, Morgan Stanley"
10,187,"million, revenue, year, growth, year year, sales, segment, 2025, quarter, total, increase, driven, billion, increased, q2","Genedx, Sight Sciences, Angiodynamics, Centene, Mckesson, Bio Techne, Zoetis, Danaher, Select Medical, Neogenomics"
11,30,"patient, engagement, new, clinical, patients, palsonify, care, expansion, adoption, physician, commercial, company, community, early, health","Ptc Therapeutics, Mindmed, Waterdrop, Teladoc, Cencora, Tenon Medical, Novocure, Arrowhead, Avita Medical, Cvrx"
12,160,"phase, trial, data, clinical, study, patients, fda, 2026, pipeline, months, ii, iii, phase iii, response, expected","Arrowhead, Nuvation Bio, Anavex, Celcuity, Relmada, Kiniksa, Kymera, Axsome, Alx Oncology, Scholar Rock"
13,125,"leadership, transition, board, ceo, chief, officer, cfo, new, leadership transition, president, announced, changes, management, executive, strategic","Gilat, Hess Midstream, Udr, Arcbest, Piper Sandler, Remitly, Adeia, Xometry, Soleno, Hercules Capital"
14,40,"eps, guidance, growth, year, adjusted, eps guidance, 2025, adjusted eps, 2026, eps growth, share, core, quarter, target, core eps","Pge, Oge Energy, Abbott, Moodys, Adt, Fortive, Wec Energy, Eversource, Avery Dennison, Park Ohio"
15,90,"million, capex, capital, year, 2026, 2025, capital expenditures, expenditures, billion, expected, guidance, investment, growth, approximately, revenue","Nucor, Greenbrier, News Corp, Tanger, Firstenergy, Sandisk, Nebius, Hesai Group, Ituran, Campbells"
16,28,"weather, winter, quarter, management, operational, expected, impact, year, revenue, storm, january, sales, impacts, storms, disruptions","Wec Energy, West Fraser, Pricesmart, Cnx, Us Foods, La Z Boy, Targa Resources, Boise Cascade, Casella Waste, Standardaero"
17,60,"management, water, gas, wells, 2026, million, quarter, new, year, infrastructure, haynesville, cost, drilling, project, company","Apa, Ssr Mining, Delek Logistics, Kosmos Energy, Cnx, Black Stone, Unitil, Range, Noble, Idex"
18,77,"2026, management, revenue, year, growth, expects, think, 2025, quarter, management expects, years, outlook, continue, company, ongoing","Sify, Aersale, Netflix, Viking, Yalla, Dycom, Nasdaq, Matson, Steris, Luminar"
19,93,"management, impact, guidance, material, does, new, current, 2026, changes, planned, reported, quarter, confirmed, financial, anticipated","Commvault, Macys, Mamas Creations, Ofg Bancorp, Msci, Rpc, Old Dominion, Bank Of Hawaii, V2X, Microchip Technology"
20,52,"guidance, management, 2026, year, revenue, financial, term, 2026 guidance, financial guidance, outlook, 2025, citing, guidance 2026, uncertainty, visibility","Exelixis, Vera Bradley, Newmont, Herc, Boeing, Mediaalpha, Krystal Biotech, Anika, Cerence, Moderna"
21,25,"leverage, operating, margin, operating leverage, management, year, cost, improvements, company, second, half, expected, investments, ongoing, second half","Albertsons, Beta Bionics, Gsi Technology, Stoneco, Iradimed, Unifirst, Commvault, Renasant, Emerson, Cdw"
22,140,"margin, gross, gross margin, year, points, basis, basis points, operating, management, margins, higher, year year, mix, operating margin, points year","Myr Group, Cavco, Wd 40, Ichor, Kimberly Clark, Accuray, Roblox, Oatly, Eltek, Avantor"
23,144,"pipeline, management, new, growth, year, 2026, project, billion, expected, battery, future, development, company, capital, activity","Ameren, Enphase, Cheniere, Mdu Resources, Bkv, Bridgebio, Agenus, Heico, Stewart, Cognizant"
24,44,"management, demand, inventory, supply, market, described, ongoing, sales, quarter, pressure, consumer, customers, chain, environment, pricing","Titan Machinery, Marinemax, Rambus, Greenbrier, Strattec, 10X Genomics, Heico, Lamb Weston, Helen Of Troy, Insteel"
25,95,"headwind, headwinds, management, year, million, margin, 2026, gross, tariffs, expected, impact, guidance, quarter, revenue, gross margin","Trane, Humana, Molson Coors, Brc, Reynolds, Danaher, American Airlines, Illinois Tool Works, Vishay, Ibotta"
26,56,"middle, east, middle east, management, conflict, ongoing, geopolitical, supply, uncertainty, disruptions, global, demand, market, prices, east conflict","Extreme, Knight Swift, Bw Lpg, Drilling Tools, Navigator, Tic Solutions, Uipath, Viomi, Enerpac, Worthington Steel"
27,27,"inflation, price, cost, increases, pricing, year, cost inflation, costs, inflationary, input, management, price increases, planned, persistent, half","Mohawk, Ecolab, Rpm, Ge, Tyson Foods, Pentair, Firstenergy, Molson Coors, Bg Foods, Meritage Homes"
28,99,"tariff, tariffs, management, million, impact, cost, year, costs, 2026, ongoing, mitigation, margin, pricing, exposure, offset","W R Berkley, Thermon, Cleveland Cliffs, Teledyne, Tractor Supply, Garmin, Ethan Allen, Middleby, Carpartscom, Ingersoll Rand"
29,63,"expansion, new, growth, international, capacity, management, international expansion, ongoing, support, margin, diversification, markets, geographic, term, manufacturing","Wingstop, Icon, Canaan, Park Aerospace, Yalla, Icecure, Fuelcell, Mi Homes, Imax, Sysco"
30,29,"leverage, net, net leverage, ratio, debt, leverage ratio, company, target, ebitda, year, 3x, times, management, net debt, 5x","Adecoagro, Cion, Amcor, Petco, Transunion, Ares Capital, Csw Industrials, Lamb Weston, Avnet, Asgn"
31,42,"million, debt, refinancing, billion, 2025, notes, senior, term, capital, balance, balance sheet, sheet, cash, credit, q2","Bausch Health, First Industrial Realty Trust, Techtarget, Bankunited, Dow, Generac, Ovintiv, Five Point, Global Ship Lease, Polaris"
32,218,"cash, million, cash flow, flow, year, free cash, free, quarter, capital, operating, end, working capital, working, 2025, operating cash","Advance Auto, Mission Produce, Lockheed Martin, Dover, Quanta, Graftech, Diebold Nixdorf, Southern Copper, Fmc, Hain Celestial"
33,27,"cloud, year, customer, revenue, platform, ai, growth, expansion, key, year year, rmb billion, billion, rmb, app, partnership","Cloudflare, Freshworks, Intrusion, Calix, Arbe, Guidewire, Adt, Data I O, Mongodb, Idexx"
34,34,"growth, loan, guidance, 2026, management, loan growth, single, mid, expected, single digit, digit, income, mid single, deposit, net","Valley, Northpointe, Independent Bank, First Bancorp, Nbh Bank, Dime, Stellar Bancorp, Inter Co, Fnb, Horizon Bancorp"
35,129,"management, acquisition, strategy, opportunities, growth, focus, acquisitions, strategic, remains, market, company, activity, organic, ongoing, current","Trustmark, Eastern Bankshares, Berkshire Hills, Vertiv, Firstservice, Churchill Downs, United Rentals, Hpe, Mamas Creations, Angiodynamics"
36,59,"capital, balance, sheet, balance sheet, debt, company, cash, management, flexibility, ratio, equity, leverage, ongoing, future, growth","Expand Energy, Akamai, Rex, Millerknoll, Cathay, Group 1, Artisan, Matson, Slm, Mdu Resources"
37,59,"million, net, quarter, income, year, basis, net income, basis points, points, margin, net margin, sequentially, year year, prior, 2025","Trustco, Fb Financial, Ally Financial, Butterfield, Fnb, Trustmark, Hilltop, Regions, Community Financial, Bread Financial"
38,62,"deposit, deposits, quarter, year, million, cost, growth, bearing, total, basis, management, 2025, billion, basis points, costs","First Bank, South Plains, Customers Bancorp, Zions, Bankwell, St Bancorp, Bank Ozk, Connectone, Truist, Five Star"
39,178,"million, loans, loan, year, quarter, credit, portfolio, total, 2025, billion, q2, growth, year year, q2 2025, net","Banner, Trustco, Hanmi, Rbb Bancorp, Eagle Bancorp, Bank Ozk, First Merchants, Newtekone, First Bank, Prosperity"
40,32,"data, center, data center, megawatts, new, capacity, power, demand, customers, growth, opportunities, management, year, solutions, revenue","Sify, Kinder Morgan, Baker Hughes, Cnx, Flex, Generac, Arm, The Aes, Coherent, Pioneer Power"
41,82,"capital, management, allocation, capital allocation, capital deployment, growth, deployment, organic, share, buybacks, investment, opportunities, focus, acquisitions, strategy","Netflix, Cubesmart, Intuitive, Crown Castle, Butterfield, Newmont, Ameris, Ufp Industries, Telos, Verifyme"
42,139,"share, repurchases, capital, repurchase, million, share repurchases, share repurchase, management, shares, authorization, program, quarter, buybacks, year, buyback","Kanzhun, Travelers, Materion, Orchid Island, Nexpoint, Beazer Homes, Arch Capital, Univest, Unum, Canaan"
43,120,"dividend, share, capital, return, cash, million, shareholder, dividends, management, returns, repurchases, 2025, shareholders, flow, cash flow","Orchid Island, Slr, Wd 40, Erie Indemnity, Avista, Blue Owl, Becton Dickinson, Teradyne, Yum China, Fastenal"
44,25,"year, revenue, million, cloud, billion, year year, growth, services, ai, total, quarter, cloud revenue, total revenue, increase, aws","Applied Digital, Alphabet, Hpe, Amazon, Kingsoft Cloud, Magnite, Nice, Seagate, Sandisk, Insight"
45,43,"sales, declined, year, decline, pricing, segment, retail, quarter, pressure, 10, consumer, expected, attributed, year year, growth","Koppers, 1Stdibs, Paypal, Wabtec, Honest, 1 800 Flowers, Duluth, Stride, Avnet, Capri Holdings"
46,83,"new, growth, management, product, expansion, engagement, value, brand, customer, pricing, focus, strategy, innovation, consumer, future","Sprouts, Lovesac, Hilton, Saga, Atrenew, Tat Tech, Iqiyi, Lowes, Ralph Lauren, Sunlands"
47,338,"ai, management, product, technology, efficiency, initiatives, new, operational, customer, company, adoption, driven, platform, revenue, ai driven","Box, Planet Labs, Asgn, Servicenow, Exponent, Airbnb, Brookfield, Fnb, News Corp, Globant"
48,26,"million, year, rmb, expenses, year year, net, revenue, billion, cash, 2025, operating, quarter, revenues, gaap, total","Atrenew, Viomi, Kanzhun, Vipshop, Iqiyi, Tuniu, Cango, Sunlands, Kingsoft Cloud, Jiayin"
49,29,"million, gaap, non gaap, non, 2025, operating, year, q2, net, margin, income, q2 2025, share, expenses, gaap operating","Enphase, Gilat, Equity, Community Financial, First Bank, Vicor, Illinois Tool Works, Mara, Varonis, Cal Water"
50,51,"million, year, adjusted, income, operating, quarter, net, adjusted operating, margin, net income, operating income, billion, revenue, share, year year","Allegion, Ubs, Heritage Global, Community Financial, Onespaworld, Ovintiv, Old Republic, Erie Indemnity, Keysight, Abm"
51,198,"gaap, million, year, non, non gaap, share, operating, income, margin, quarter, net, gaap operating, year year, gross, net income","Seagate, New Oriental, Ceva, Vertex, D Wave, Omnicell, Synaptics, Rithm, Tal, 8X8"
52,64,"million, loss, year, net, operating, share, net loss, quarter, prior, loss million, adjusted, 000, operating loss, prior year, compared","Netcapital, Jewett Cameron, Lovesac, Intel, Bio Key, Bos, Gaia, Cno Financial, Veritone, Avita Medical"
53,88,"year, revenue, million, arr, year year, growth, billion, total, subscription, recurring, quarter, recurring revenue, saas, non, annual","Crowdstrike, Freshworks, Varonis, Rubrik, Commvault, Verint, Moodys, Nutanix, Sailpoint, Karooooo"
54,32,"million, expenses, year, operating, costs, expense, operating expenses, quarter, administrative, expense million, 000, development, higher, prior, lower","1Stdibs, W R Berkley, Atmus Filtration, Natwest, Avnet, Sight Sciences, Lisata, Anavex, Nbt Bancorp, Rbb Bancorp"
55,54,"million, sg, year, expenses, sales, expense, operating, costs, adjusted, higher, revenue, sg expense, sg expenses, 000, growth","Wingstop, Sally Beauty, Bw Lpg, Pool Corp, Riot, Incyte, Fresh Del Monte, Insight, Angiodynamics, Cal Maine Foods"
56,77,"q4, q2, q1, management, quarter, q3, revenue, expected, growth, fiscal, seasonality, 2026, sequential, performance, 2025","General Mills, Brown Brown, Ceribell, Blackberry, Old Dominion, Seagate, Harmonic, Savers, Rocket, Innospec"
57,49,"sales, million, year, restaurant, points, basis, basis points, lower, margin, profit, higher, costs, revenue, egg, net","Good Times, Portillos, Cal Maine, Smithfield Foods, Rbi, Cracker Barrel, Biogen, Yum China, Traeger, Cava"
58,70,"year, revenue, million, year year, sequentially, fiber, growth, quarter, 000, data, total, segment, iot, net, center","Fabrinet, Ceva, Uniti, Shenandoah, Att, Iridium, Tds, Adtran, Array Digital, Sify"
59,74,"million, year, revenue, fy2025, fy2026, gaap, q2, margin, operating, year year, non, guidance, non gaap, adjusted, fiscal","8X8, Box, Mongodb, Mission Produce, Blackberry, Td Synnex, Aerovironment, Paychex, Snap On, Manhattan"
60,121,"year, revenue, million, segment, operating, year year, margin, segment revenue, sales, basis, billion, growth, increased, points, aerospace","Arcbest, Knight Swift, Kaiser Aluminum, Garmin, General Dynamics, Crane, Hexcel, Spx, Cts, Patrick"
61,32,"revenue, year, million, advertising, year year, advertising revenue, segment, growth, increased, cable, ad, media, total, billion, driven","Fox, Siriusxm, Urban One, Scripps, Adobe, Spotify, Meta Platforms, Endava, Ny Times, Pinterest"
62,57,"million, revenue, year, year year, quarter, total, total revenue, growth, services, million year, sequentially, 000, increase, reflecting, driven","Omnicell, Sohucom, 10X Genomics, Marcus, Myr Group, Ionis, Canaan, Ituran, Workday, Peloton"
63,71,"million, q4, year, revenue, adjusted, margin, year year, ebitda, adjusted ebitda, basis, net, prior, million q4, loss, prior year","Webtoon, Donaldson, Ascendis, Stoneco, Kamada, Cerence, Novocure, On Holding, News Corp, Stifel"
64,53,"sales, million, net, net sales, year, growth, segment, currency, increased, basis, quarter, year year, 2025, store, comparable","Millerknoll, On Holding, Vita Coco, Keurig Dr Pepper, Savers, Monster, Livewire, La Z Boy, Dicks, Ollies"
65,56,"revenue, year, growth, million, organic, year year, total, revenue growth, international, currency, billion, organic revenue, organic growth, sales, constant","Zoetis, Accuray, Mirion, Parsons, Pulmonx, Allegion, Lululemon, Hormel, American Tower, Emerald"
66,51,"ebitda, adjusted, margin, adjusted ebitda, management, ebitda margin, year, target, term, 2026, margin target, cost, expected, million, 2025","Lyondellbasell, Siteone, Citi Trends, Rpm, Silgan, Dave Busters, Cleveland Cliffs, Owens Corning, Ambac, Calibercos"
67,269,"million, year, ebitda, adjusted, adjusted ebitda, margin, quarter, year year, revenue, segment, basis, 000, points, basis points, net","Lyondellbasell, Ashland, Darling, Constellium, News Corp, Ge Healthcare, Boise Cascade, Nabors, Genie Energy, Luxfer"
68,33,"million, guidance, q4, gaap, revenue, year, expected, non, non gaap, margin, 2025, operating, eps, gross, q4 2025","Maxlinear, Radware, Sonic Automotive, Mediaalpha, Orasure, Gigacloud, Xponential, Rackspace, Ceva, Canaan"
69,27,"million, guidance, q2, year, revenue, billion, 2026, 2025, growth, margin, revenue guidance, expected, q1, midpoint, adjusted","Loandepot, Knowles, Viavi, Egain, Vertex, Jabil, Dolby, Palantir, Sohucom, Bgc Group"
70,116,"million, guidance, adjusted, ebitda, revenue, 2026, adjusted ebitda, year, billion, 2025, growth, margin, expected, ebitda guidance, revenue guidance","Zevia, Medpace, Paycom, Noble, Oatly, Fiverr, Brightstar, Thryv, United Rentals, Gilat"
71,93,"million, guidance, year, 2026, billion, revenue, growth, operating, expected, non, revenue guidance, income, midpoint, projected, gaap","Fnb, Ciena, Hr Block, Wix, Bloom Energy, Cubesmart, Mongodb, Eastern Bankshares, Ecovyst, Hudbay"
